,Handle
0,floral-print-o-neck-maxi-dress
1,long-sleeve-flower-print-loose-dress
2,flower-printing-long-sleeve-dress
3,loosen-lace-spring-dresses
4,vintage-floral-mosaic-holiday-long-sleeve-dress
5,leopard-print-maxi-dress
6,never-letting-go-white-shirtdress
7,vintage-elegant-floral-long-sleeves-a-line-casual-dresses
8,vintage-floral-long-sleeves-dresses
9,casual-floral-cotton-long-maxi-blue-dresses
10,vintage-flower-print-a-line-dress
11,boho-printing-long-sleeve-dress
12,cotton-polka-dot-baggy-sarafans-vestidos-robe-maxi-dress
13,cotton-v-neck-puff-sleeve-vintage-elastic-cuff-women-dress
14,long-sleeve-casual-long-pocket-dress
15,cotton-linen-loose-casual-long-shirt-dress
16,lapel-neck-long-shirt-dress-buttons-cotton-linen
