,Title
0,Floral Print O Neck Maxi Dress
1,Long Sleeve Flower Print Loose Dress
2,Flower Printing Long Sleeve Dress
3,Loosen Lace Spring Dresses
4,Vintage Floral Mosaic Holiday Long Sleeve Dress
5,Leopard Print Maxi Dress
6,Never Letting Go White Shirtdress
7,Vintage Elegant Floral Long Sleeves A-line Casual Dresses
8,Vintage Floral Long Sleeves Dresses
9,Casual Floral Cotton Long Maxi Blue Dresses
10,Vintage Flower Print A-Line Dress
11,Boho printing long Sleeve Dress
12,Cotton Polka Dot Baggy Sarafans Vestidos Robe Maxi Dress
13,Cotton V Neck Puff Sleeve Vintage Elastic Cuff Women Dress
14,Long sleeve casual long pocket dress
15,Cotton linen Loose casual long shirt dress
16,Lapel Neck Long Shirt Dress Buttons Cotton Linen
